1,"MetaWorld"
2,"Defeat1and1execute1them1"
3,"Loading..."
4,"不要轻易暴露自己的身份
远离那些试图靠近你的人
不要相信任何人
每个人都可能很危险!"
5,"温馨提示"
6,"掏出手枪后，点击屏幕射击
找到隐藏的凶手，击败他!
不要攻击平民"
7,"侦探教学"
8,"掏出手枪"
9,"收起手枪"
10,"准星图标"
11,"掏出近战武器后，会自动攻击周围玩家
掏出远程飞刀后，点击准星来扔出
击败所有人，小心侦探!"
12,"凶手教学"
13,"掏出近战匕首"
14,"掏出远程飞刀"
15,"收起武器"
16,"恢复默认形象"
17,"换装商店"
18,"免费奖励"
19,"看广告可以使用这个厉害的武器哟~"
20,"取消"
21,"Play Ads"
22,"每天限购一次"
23,"广告券+13888"
24,"已领取"
25,"充值"
26,"UserId：1111111111"
27,"9.99万亿111"
28,"9.99万亿"
29,"请输入兑换码"
30,"请输入作者提供的兑换码，即可兑换奖励"
31,"兑换"
32,"There Is No Tomorrow"
33,"社交"
34,"*o*( 我要开始表演了~"
35,"Hello,How are you?I'm fine,thank you."
36,"我要开始表演了我要开始表演了"
37,"凶手"
38,"免费换装"
39,"R"
40,"OK"
41,"A"
42,"兑换 奖励"
43,"Text_Expend"
44,"Text_VoucherExchange"
45,"你的身份是1"
46,"1参与对局将提升概率1"
47,"超级特权生效中"
48,"Detective"
49,"Maffia"
50,"Civilian"
51,"成为黑手党的概率1"
52,"胜利！"
53,"失败"
54,"You Die"
55,"On behalf of justice, you can't shoot randomly, attacking good people leads to your own death"
56,"Text_Content_20032"
57,"0/5"
58,"存活经验：+{0}EXP"
59,"距离对局开始还有"
60,"00:00"
61,"身份目标提示放在这里"
62,"1/10"
63,"待拾取"
64,"你的身份是："
65,"警探"
66,"身份目标"
67,"活下去"
68,"目标1"
69,"目标2"
70,"特权生效中"
71,"PlayerName"
72,"Text"
73," 消灭!"
74,"Text_Content_11001"
75,"本轮胜利者！"
76,"玩家A"
77,"GM"
78,"Button"
79,"达拉崩吧斑得贝迪卜多比鲁翁"
80,"在线30分钟免费领取（30/30）"
81,"凶手专用：逐日(符文)"
82,"免费领取"
83,"明日奖励：侦探专用-黄金左轮(虹彩)"
84,"Text_Content_20030"
85,"Text_FreeCoupon"
86,"Text_Set"
87,"Text_ChangeClothes"
88,"Text_Content_20052"
89,"Text_Content_20009"
90,"Text_Content_12018"
91,"Text_HUD_SkillShop"
92,"Text_Content_20003"
93,"还原"
94,"Loading"
95,"武器名字"
96,"Text_Content_12024"
97,"物品名字物品名字"
98,"Text_Content_12019"
99,"武器名字
武器名字"
100,"3%"
101,"Text_Content_12025"
102,"武器名称"
103,"Text_Content_12026"
104,"保存瞳孔瞳孔"
105,"调颜板-上衣"
106,"部位 1"
107,"免费"
108,"重置平台形象"
109,"捏脸"
110,"套装"
111,"前发"
112,"保存提示"
113,"试穿好友的角色形象"
114,"保存"
115,"不保存"
116,"请选择要游玩的地图"
117,"地图名称一"
118,"地图名称二"
119,"地图名称三"
120,"黑手党"
121,"VS"
122,"Text_Content_12007"
123,"Text_Content_12008"
124,"杀手"
125,"Text_Content_12009"
126,"消灭了3名学生"
127,"Text_Content_12014"
128,"Text_Content_12015"
129,"Text_Content_12016"
130,"Your first round is over, take a look at the settlement panel"
131,"Here is the final result of the game"
132,"Here shows the two players who impacted the game most as well as their wins and losses"
133,"Here's shows your earning in this round"
134,"全服排行榜"
135,"排名"
136,"昵称"
137,"分数"
138,"时长全服前500名"
139,"总击败"
140,"帅哥你谁啊帅哥你谁啊"
141,"背景音量：99"
142,"点击生成新的角色ID"
143,"我的角色ID-分享好友试穿"
144,"1026MJK0"
145,"Free Try On"
146,"抽奖获得"
147,"Text_Content_20019"
148,"Text_Content_20020"
149,"Text_Content_20014"
150,"Text_Content_20029"
151,"Text_Content_20013"
152,"Text_Content_20012"
153,"Text_Shop_Skin"
154,"Text_Content_20015"
155,"Text_Content_20016"
156,"Text_Content_20017"
157,"Text_Content_20018"
158,"Text_Content_20021"
159,"Text_Content_20022"
160,"Text_Content_20023"
161,"Text_Content_20024"
162,"Text_Content_12028"
163,"装备"
164,"Text_Content_12034"
165,"Text_Content_12033"
166,"能力名称"
167,"详情描述"
168,"Text_Content_12031"
169,"Text_Content_12032"
170,"Text_KillerPowerAssembly"
171,"你是哪个你是哪个你是哪个"
172,"Text_Ranking"
173,"apiData.apiValue数据长度异常,${JSON.stringify(apiData)}"
174,"颜色换算大于八位,${color}"
175,"爱玩游戏的小胖子"
176,"测试弹幕"
177,"Hot-热门"
178,"Wing-翅膀"
179,"Prop-道具"
180,"Food-食品"
181,"Other-烟花"
182,"改变背景音效"
183,"增加金币"
184,"增加钻石"
185,"增加游戏内的金币10"
186,"下次抽奖保底"
187,"增加广告券"
188,"修改大厅时间"
189,"技能体验券+10"
190,"切换热武器，对局内使用"
191,"背景音乐大小：${(this.mProgressBar.currentValue * 100).toFixed(0)}"
192,"背景音乐大小：${(v * 100).toFixed(0)}"
193,"世界UI"
194,"蹦床"
195,"Double-双人"
196,"Social-社交"
197,"Dance-舞蹈"
198,"Pose-拍照"
199,"Other-其他"
200,"托举"
201,"肩抗"
202,"拖"
203,"公主抱"
204,"背"
205,"拉丁"
206,"现代03"
207,"爵士"
208,"现代02"
209,"告别"
210,"鼓掌"
211,"行礼"
212,"喝彩"
213,"欢呼"
214,"加油"
215,"开心跺脚"
216,"高举击掌"
217,"耍帅"
218,"后空翻"
219,"拒绝"
220,"不服气"
221,"挑衅"
222,"嘲讽"
223,"出拳"
224,"大脚踹"
225,"鞠躬"
226,"跪拜"
227,"俯首跪姿"
228,"害羞捂脸"
229,"比心"
230,"飞吻"
231,"亲吻"
232,"牵手吻"
233,"单膝跪地"
234,"生气"
235,"失望"
236,"哭泣"
237,"科目三"
238,"霹雳舞"
239,"一分一秒"
240,"外星人"
241,"恋爱"
242,"小熊跳舞"
243,"爱杀宝贝"
244,"怦然心动"
245,"今天我们开始"
246,"和我交往吗"
247,"天鹅舞"
248,"海草舞"
249,"招呼舞"
250,"街舞"
251,"海盗"
252,"鲤鱼"
253,"拉丁舞"
254,"鬼步舞"
255,"没有明天"
256,"电流舞"
257,"告别记忆"
258,"醉酒的蝴蝶"
259,"舞蹈01"
260,"小熊跳舞01"
261,"魔法城堡01"
262,"魔法城堡02"
263,"魔法城堡03"
264,"极乐净土"
265,"自由之轮"
266,"Full Video（女）"
267,"Full Video（男）"
268,"Permission（女3）"
269,"Permission（男1）"
270,"Permission（女1）"
271,"Permission（女2）"
272,"How You Like That（女）"
273,"How You Like That（男）"
274,"扭胯"
275,"欢迎你来"
276,"摇曳舞"
277,"桃源恋歌"
278,"螃蟹舞"
279,"抖肩舞"
280,"扮兔子"
281,"双手触地"
282,"单手摆"
283,"女性站立"
284,"男性站立"
285,"握拳举起"
286,"握拳摆"
287,"托腮"
288,"比耶"
289,"比造型"
290,"扶头耍帅"
291,"撑下巴"
292,"掩面"
293,"叉腰"
294,"撑头"
295,"握拳"
296,"侧身"
297,"眺望"
298,"抓手腕"
299,"双手握拳"
300,"双手交叉"
301,"单脚立地"
302,"鬼脸"
303,"单手抱头"
304,"蹲姿"
305,"双手合十"
306,"模仿飞天"
307,"伸腿摸头"
308,"鬼畜"
309,"坐姿单腿伸出"
310,"单手张开"
311,"单手叉腰"
312,"顶肩"
313,"半蹲张手"
314,"半躺抱头"
315,"单手匝地"
316,"双手比耶"
317,"单脚站立"
318,"双手合并"
319,"半躺撑着"
320,"站姿双手"
321,"双手抱头"
322,"屈腿坐姿"
323,"摆照型"
324,"双手托脸"
325,"半躺摸下巴"
326,"单脚抬起"
327,"比心左"
328,"比心右"
329,"骑马舞"
330,"学鸟走"
331,"旋转01"
332,"旋转02"
333,"旋转03"
334,"旋转04"
335,"旋转05"
336,"旋转06"
337,"旋转07"
338,"跳舞"
339,"歌舞"
340,"翻滚"
341,"冲刺"
342,"滑翔"
343,"空中蹬腿"
344,"下蹲行走"
345,"水中"
346,"飞行"
347,"丧尸行"
348,"仰卧起坐"
349,"转圈"
350,"鸭子坐"
351,"抱膝坐"
352,"躺下"
353,"趴下"
354,"爬行"
355,"黑手党视野范围"
356,"黑手党静止"
357,"黑手党亮刀"
358,"黑手党追击时间"
359,"黑手党攻击命中率"
360,"警探英雄视野范围"
361,"警探英雄静止"
362,"警探英雄亮枪"
363,"周围有黑手党时=1"
364,"警探英雄追击时间"
365,"也是开枪的持续时间"
366,"警探英雄向不明身份玩家开枪概率"
367,"对亮刀的黑手党会百分百持续射击"
368,"警探开枪率"
369,"警探开枪距离范围"
370,"平民视野范围"
371,"平民静止"
372,"平民跟随警探"
373,"平民拾取掉落武器概率"
374,"拾取武器概率、拾取能量球概率、进入下一随机点概率，和为1"
375,"平民拾取能量球概率"
376,"平民进入下一个随机点概率"
377,"AI名称1"
378,"AI名称2"
379,"AI名称3"
380,"AI名称4"
381,"AI名称5"
382,"AI名称6"
383,"AI名称7"
384,"AI名称8"
385,"AI名称9"
386,"AI名称10"
387,"AI名称11"
388,"紫袍皇妃"
389,"黄袍皇妃"
390,"柔弱少女"
391,"旗袍"
392,"冰雪少女服饰"
393,"短款汉服襦裙"
394,"西域舞蹈服饰"
395,"对襟襦裙"
396,"汉服襦裙"
397,"民族服饰"
398,"古风大唐袖衫"
399,"古装潮流女"
400,"汉服男套装"
401,"作战服"
402,"汉服长袍"
403,"清代官服"
404,"刺绣古装男"
405,"古风长发书生"
406,"盔甲套装男"
407,"富家子弟"
408,"黑衣侠客"
409,"古代将军"
410,"白衣军师"
411,"古代诗人"
412,"按钮通用音效"
413,"随机身份的咔哒声"
414,"选中身份的强调音"
415,"换弹音效"
416,"10001菜刀攻击音效"
417,"20001手枪攻击音效"
418,"10001菜刀\\20001手枪命中音效"
419,"死亡人声"
420,"吃金币"
421,"死亡心跳声"
422,"金币袋满声"
423,"获得能量球"
424,"挥刀备用音"
425,"局外BGM"
426,"10002攻击音效"
427,"10003攻击音效"
428,"20002攻击音效"
429,"20003攻击音效"
430,"角色形象1"
431,"角色：11000"
432,"角色形象2"
433,"角色形象3"
434,"角色形象4"
435,"角色头像1"
436,"角色头像2"
437,"角色头像3"
438,"角色头像4"
439,"樱校角色头像1"
440,"樱校角色头像2"
441,"樱校角色头像3"
442,"樱校角色头像4"
443,"樱校角色形象1"
444,"樱校角色形象2"
445,"樱校角色形象3"
446,"樱校角色形象4"
447,"武器图标1"
448,"武器：11100"
449,"商店武器1"
450,"商店武器2"
451,"商店武器3"
452,"商店武器4"
453,"身份：11200"
454,"平民"
455,"英雄"
456,"角色头像5"
457,"角色头像6"
458,"角色头像7"
459,"角色头像8"
460,"角色形象5"
461,"角色形象6"
462,"角色形象7"
463,"角色形象8"
464,"角色头像9"
465,"角色头像10"
466,"角色头像11"
467,"角色头像12"
468,"角色头像13"
469,"角色头像14"
470,"角色形象9"
471,"角色形象10"
472,"角色形象11"
473,"角色形象12"
474,"角色形象13"
475,"角色形象14"
476,"商店特效1"
477,"商店特效2"
478,"商店特效3"
479,"商店特效4"
480,"商店特效5"
481,"商店特效6"
482,"地图图标1"
483,"地图图标2"
484,"大厅金币堆图标"
485,"金币图标"
486,"钻石图标"
487,"保护壳特效"
488,"武器掉落特效"
489,"道具特效"
490,"保护壳破碎特效"
491,"拖尾特效1"
492,"拖尾特效2"
493,"拖尾特效3"
494,"拖尾特效4"
495,"拖尾特效5"
496,"拖尾特效6"
497,"10003攻击特效"
498,"20003攻击特效"
499,"新特效1-火焰"
500,"新特效2-女巫"
501,"新特效3-骑士"
502,"新特效4-魔鬼"
503,"新特效5-恶魔"
504,"武器模型10002"
505,"商店武器模型：21000"
506,"武器模型10003"
507,"武器模型20002"
508,"武器模型20003"
509,"持刀姿态"
510,"持枪姿态"
511,"死亡倒地姿态"
512,"男性默认"
513,"女性默认"
514,"近战攻击动作"
515,"远程攻击动作"
516,"远程CD动作：换弹"
517,"右手掏枪、掏刀动作"
518,"死亡动作1"
519,"死亡动作2"
520,"商店特效7"
521,"商店特效8"
522,"商店特效9"
523,"商店特效10"
524,"商店特效11"
525,"角色头像15"
526,"角色头像16"
527,"角色头像17"
528,"角色头像18"
529,"角色头像19"
530,"角色头像20"
531,"角色头像21"
532,"角色头像22"
533,"角色头像23"
534,"角色头像24"
535,"角色头像25"
536,"角色头像26"
537,"角色头像27"
538,"角色头像28"
539,"角色头像29"
540,"角色形象15"
541,"角色形象16"
542,"角色形象17"
543,"角色形象18"
544,"角色形象19"
545,"角色形象20"
546,"角色形象21"
547,"角色形象22"
548,"角色形象23"
549,"角色形象24"
550,"角色形象25"
551,"角色形象26"
552,"角色形象27"
553,"角色形象28"
554,"角色形象29"
555,"逻辑对象投掷物"
556,"子弹模型预加载"
557,"人形对象"
558,"金币模型"
559,"丢飞刀"
560,"投掷架势"
561,"拔刀"
562,"持刀"
563,"反手持刀"
564,"下刺"
565,"投掷架势2"
566,"投掷"
567,"上举持枪"
568,"换弹"
569,"开枪（单次）"
570,"刀预制体"
571,"斧子模型"
572,"尼泊尔军刀模型"
573,"左轮手枪模型"
574,"冲锋枪模型"
575,"步枪模型"
576,"菜刀模型"
577,"鱼"
578,"匕首1"
579,"匕首2"
580,"胜利展示动作"
581,"医院预览"
582,"胜利展示动作播不了"
583,"胜利展示动作新"
584,"死亡姿态2"
585,"死亡姿态3"
586,"AI跑步动画"
587,"双层翅膀"
588,"翅膀"
589,"六翼翅膀"
590,"精灵翅膀"
591,"棺材"
592,"环绕"
593,"闪电"
594,"飞行背包"
595,"小熊背包"
596,"0.7倍"
597,"0.8倍"
598,"0.9倍"
599,"正常"
600,"1.1倍"
601,"1.2倍"
602,"1.3倍"
603,"套靴长裤"
604,"制服短裙"
605,"位移加速为1.1倍"
606,"飞刀移速加速为1.6倍"
607,"爆炸飞刀"
608,"我是{0}"
609,"学生"
610,"侦探"
611,"凶手是谁？"
612,"0.o 气死我了"
613,"救命啊！"
614,"谢谢你 ^_^"
615,"你好！"
616,"别刀我 QAQ"
617,"<--退！<--退！<--退！"
618,"*0* 满分操作！"
619,")*o*( 我要开始表演了~"
620,"红色"
621,"紫色"
622,"蓝色"
623,"绿色"
624,"白色"
625,"制服女"
626,"一定过套装"
627,"主打求神套装"
628,"卡皮巴拉套装1"
629,"卡皮巴拉套装2"
630,"女学生角色"
631,"和服"
632,"JK女生"
633,"新年毛衣"
634,"露肩长裙"
635,"头部样式"
636,"头部左右缩放"
637,"上半脸前后移动"
638,"上半脸上下移动"
639,"上半脸整体缩放"
640,"下半脸前后移动"
641,"下半脸左右缩放"
642,"耳朵整体缩放"
643,"耳朵左右旋转"
644,"耳朵前后旋转"
645,"耳朵上部缩放"
646,"耳朵下部缩放"
647,"下颌圆度"
648,"下颌前后移动"
649,"下颌上下移动"
650,"下颌左右缩放"
651,"下巴前后移动"
652,"下巴尖上下移动"
653,"下巴尖前后移动"
654,"下巴尖左右缩放"
655,"颧骨左右缩放"
656,"颧骨前后移动"
657,"脸颊左右缩放"
658,"脸颊前后移动"
659,"脸颊上下移动"
660,"眉毛上下移动"
661,"眉毛左右移动"
662,"眉毛整体旋转"
663,"眉头上下移动"
664,"眉尾上下移动"
665,"眼睛上下移动"
666,"眼睛左右缩放"
667,"眼睛前后移动"
668,"眼睛整体旋转"
669,"眼睛上下缩放"
670,"眼睛左右移动"
671,"内眼角左右移动"
672,"外眼角上下移动"
673,"瞳孔左右移动"
674,"瞳孔上下移动"
675,"瞳孔左右缩放"
676,"瞳孔上下缩放"
677,"鼻子整体前后移动"
678,"鼻尖上下移动"
679,"鼻梁前后移动"
680,"嘴巴上下移动"
681,"嘴巴前后移动"
682,"嘴巴左右缩放"
683,"上嘴唇薄厚"
684,"下嘴唇薄厚"
685,"嘴角上下移动"
686,"身高"
687,"头部整体缩放"
688,"胸部整体缩放"
689,"胸部上下移动"
690,"胸部左右移动"
691,"胸部长度"
692,"脖子左右缩放"
693,"脖子前后缩放"
694,"胸腔左右缩放"
695,"胸腔前后缩放"
696,"肋骨左右缩放"
697,"肋骨前后缩放"
698,"腰部左右缩放"
699,"腰部前后缩放"
700,"脖子上下缩放"
701,"胸腔上下缩放"
702,"腰部上下缩放"
703,"胯左右缩放"
704,"胯前后缩放"
705,"肩臂左右缩放"
706,"肩臂前后缩放"
707,"大臂左右缩放"
708,"大臂前后缩放"
709,"小臂左右缩放"
710,"小臂前后缩放"
711,"大臂上下缩放"
712,"小臂上下缩放"
713,"大腿上下缩放"
714,"小腿上下缩放"
715,"大腿左右缩放"
716,"大腿前后缩放"
717,"小腿前后缩放"
718,"小腿左右缩放"
719,"上装样式"
720,"区域颜色"
721,"纹理样式"
722,"纹理颜色"
723,"纹理左右拉伸"
724,"纹理上下拉伸"
725,"纹理旋转"
726,"纹理显示程度"
727,"设计图案样式"
728,"设计图案颜色"
729,"设计图案旋转"
730,"下装样式"
731,"手套样式"
732,"鞋子样式"
733,"眉毛样式"
734,"眉毛颜色"
735,"瞳孔样式"
736,"睫毛样式"
737,"睫毛颜色"
738,"上高光样式"
739,"上高光颜色"
740,"下高光样式"
741,"下高光颜色"
742,"瞳孔颜色"
743,"瞳孔左右位置"
744,"瞳孔上下位置"
745,"瞳孔大小缩放"
746,"眼影样式"
747,"眼影颜色"
748,"腮红样式"
749,"腮红颜色"
750,"口红样式"
751,"口红颜色"
752,"贴花样式"
753,"贴花左右移动"
754,"贴花上下移动"
755,"贴花整体旋转"
756,"贴花整体缩放"
757,"肌肤颜色"
758,"贴花颜色"
759,"样式"
760,"颜色"
761,"渐变颜色"
762,"渐变区域"
763,"高光样式"
764,"体型"
765,"左眼颜色(二次元)"
766,"右眼颜色(二次元)"
767,"头部贴花颜色"
768,"头部贴花样式"
769,"切换表情"
770,"头饰颜色"
771,"设计图案缩放"
772,"手整体缩放"
773,"脚整体缩放"
774,"面部左右缩放"
775,"眉毛前后移动"
776,"眉间前后移动"
777,"鼻子整体上下移动"
778,"鼻梁左右缩放"
779,"鼻翼前后移动"
780,"鼻翼上下移动"
781,"鼻翼左右缩放"
782,"嘴角前后移动"
783,"V1模型"
784,"狐狸耳朵"
785,"围巾"
786,"双马尾辫子"
787,"狐耳朵"
788,"猫耳"
789,"星星"
790,"眩晕Buff"
791,"狗头"
792,"熊猫头"
793,"问号"
794,"乌云"
795,"表情"
796,"睡眠"
797,"恶心"
798,"泡泡"
799,"蝙蝠"
800,"花瓣环绕"
801,"蝴蝶泡泡"
802,"五角星泡泡"
803,"打瞌睡"
804,"爱心"
805,"梦幻泡泡蝴蝶结"
806,"道具"
807,"绿蛇头发"
808,"青蛇头发"
809,"红蛇头发"
810,"龙角"
811,"犄角"
812,"发光恶魔角"
813,"帽子"
814,"护目眼镜"
815,"泳镜"
816,"男帽子"
817,"尴尬"
818,"眩晕"
819,"手指"
820,"自动寻路图标"
821,"子弹"
822,"荧光小人"
823,"恭喜发财"
824,"南瓜"
825,"头套"
826,"广告牌"
827,"流光"
828,"火焰"
829,"雪花"
830,"星座"
831,"法阵"
832,"桃心"
833,"音符"
834,"光环"
835,"彩带"
836,"传送门"
837,"禁锢"
838,"防护盾"
839,"角色__BUFF"
840,"护盾"
841,"音乐"
842,"禁锢Buff"
843,"治疗Buff"
844,"盾牌"
845,"击杀"
846,"卡牌"
847,"生成光环"
848,"烟花"
849,"全息投影"
850,"剪纸"
851,"一小堆金币"
852,"一大堆金币"
853,"限定武器-樱"
854,"限定武器-蝶"
855,"限定武器-紫光剑"
856,"限定武器-冰寒弓箭"
857,"快速投掷体验券"
858,"爆炸飞刀体验券"
859,"幽灵斗篷体验券"
860,"每拯救一名学生"
861,"凶手每次击杀"
862,"眼影"
863,"标准脸型-男"
864,"标准脸型-女"
865,"默认表情"
866,"微笑"
867,"开心"
868,"伤心"
869,"笑"
870,"调皮"
871,"可爱"
872,"疑惑"
873,"眼镜"
874,"眼罩"
875,"面纱"
876,"面具"
877,"狐狸面具"
878,"眼饰面具"
879,"恶魔头"
880,"魔后"
881,"白人女魔使"
882,"白人女天使"
883,"黑人女天使"
884,"女战神"
885,"女水手白人"
886,"青年智慧女神"
887,"黑天使"
888,"刺客女性"
889,"纳米机甲女性"
890,"卡魔拉"
891,"魔术师女"
892,"哨兵冰"
893,"女浩克"
894,"羊角女巫"
895,"冰雪王后"
896,"海洋王后"
897,"雏田"
898,"春野樱"
899,"纲手"
900,"娜美"
901,"妮可罗宾"
902,"女帝"
903,"天天"
904,"小南"
905,"小樱"
906,"灶门祢豆子"
907,"暗影芭比"
908,"粉毛怪"
909,"蓝毛怪"
910,"魔莱坞学院院长"
911,"魔法少女"
912,"弓箭少女"
913,"西方神女"
914,"狐耳少女"
915,"魔法少女服饰"
916,"魔法女巫套装"
917,"绿色怪人服"
918,"变异人套装"
919,"怪人套装"
920,"马戏团小丑服"
921,"小爱神"
922,"中年冥神"
923,"白人男天使"
924,"黑人男天使"
925,"老山城"
926,"太阳神"
927,"魔王"
928,"海王神"
929,"神使"
930,"魔使男"
931,"魔兵"
932,"兽人"
933,"未来战士"
934,"哨兵石"
935,"哨兵木"
936,"哨兵火"
937,"青年地精"
938,"老年地精"
939,"天神"
940,"狼人001"
941,"黑男哨兵铁"
942,"男丧尸"
943,"大蛇丸"
944,"飞段"
945,"干柿鬼鲛"
946,"角都"
947,"卡卡西"
948,"炼狱杏寿郎"
949,"路飞"
950,"索隆"
951,"洛克李"
952,"鸣人"
953,"我爱罗"
954,"我妻善逸"
955,"悟空"
956,"蝎"
957,"宇智波斑"
958,"宇智波带土"
959,"宇智波鼬"
960,"长门"
961,"嘴平伊之助"
962,"宇智波佐助"
963,"史瑞克"
964,"迷雾鬼影"
965,"屠夫"
966,"玄魁"
967,"专家"
968,"巫医"
969,"灶门炭治郎"
970,"长胡子老者"
971,"大耳男"
972,"侦探小子"
973,"翻毛黄金首饰"
974,"清洁手套"
975,"身份名称（学生）"
976,"身份"
977,"这里是本局中你的身份"
978,"身份目标（学生）"
979,"这里是你本局的目标，不知道做什么的话就看一下这里吧"
980,"身份目标1（学生）"
981,"努力活下来才能够获得胜利~"
982,"身份目标2-1（学生）"
983,"这是能量球："
984,"身份目标2-2（学生）"
985,"集齐能量球，可以获得一层保护壳"
986,"身份目标（凶手）"
987,"这里是你本局的目标，在对局结束前完成目标才能获得胜利"
988,"身份目标（侦探）"
989,"身份目标（英雄）"
990,"你有了新的目标，击杀凶手，保护学生"
991,"身份名称（侦探）"
992,"身份名称（凶手）"
993,"身份名称（英雄）"
994,"恭喜你拾取到武器，现在你成为了一名英雄"
995,"第一次吃到金币"
996,"金币"
997,"本局游戏内获得的金币将存储在这里，结算时会发放给你；不过金币袋是有上限的，袋子装满就无法获得了"
998,"金币袋满了"
999,"金币袋已经满了，本局无法再拾取金币了"
1000,"切换引导（凶手）"
1001,"攻击"
1002,"点击这里可以切换姿态，选择亮出武器或藏起武器"
1003,"攻击引导（凶手）"
1004,"在亮出武器后，可以点击这里进行攻击"
1005,"切换引导（侦探）"
1006,"攻击引导（侦探）"
1007,"切换引导（英雄）"
1008,"攻击引导（英雄）"
1009,"保护壳(学生）"
1010,"保护壳"
1011,"恭喜你集齐了道具！现在你获得了一个保护壳！保护壳可以为你抵挡一次来自其他玩家的攻击，但是每局游戏只能获得一次"
1012,"圈出结算界面"
1013,"结算"
1014,"现在你的第一局游戏已经结束，来看看结算面板吧"
1015,"圈出结算标语"
1016,"这里说明了对局的最终结果"
1017,"圈出结算关键信息"
1018,"这里显示了对对局产生影响最大的两方玩家和他们的胜负"
1019,"圈出结算收益"
1020,"这里显示了你在本轮对局获得的收益"
1021,"侦探/凶手死亡提示（凶手/侦探）"
1022,"死亡"
1023,"代表正义的你不可以乱开枪，攻击好人会导致自己死亡"
1024,"风暴女"
1025,"绯红女巫"
1026,"黑寡妇"
1027,"惊奇队长"
1028,"神奇女侠"
1029,"女战士"
1030,"魔法女孩"
1031,"战士服"
1032,"紧身作战服"
1033,"塞西亚套装"
1034,"男式紧身服"
1035,"道服"
1036,"男作战服"
1037,"雷电战士服饰"
1038,"鱼族战士服"
1039,"法师服饰"
1040,"面具骑士服"
1041,"黑夜战士服"
1042,"黄金战甲"
1043,"蝙蝠侠"
1044,"超人"
1045,"毒液"
1046,"恶灵骑士"
1047,"钢铁侠"
1048,"海王"
1049,"黑豹"
1050,"金刚狼"
1051,"雷神"
1052,"洛基"
1053,"绿灯侠"
1054,"绿巨人"
1055,"美国队长"
1056,"灭霸"
1057,"奇异博士"
1058,"闪电侠"
1059,"死侍"
1060,"万磁王"
1061,"蚁人"
1062,"鹰眼"
1063,"蜘蛛侠"
1064,"尾巴"
1065,"孔雀尾巴"
1066,"狐狸尾巴"
1067,"人鱼尾巴"
1068,"圣诞节女"
1069,"煎饼狗子"
1070,"新年双马尾女"
1071,"新年女"
1072,"雪人001"
1073,"新年女青年"
1074,"万圣节女"
1075,"圣诞服装"
1076,"圣诞公主裙"
1077,"圣诞装"
1078,"春节时装"
1079,"雪人装"
1080,"新年装"
1081,"兔子套装"
1082,"摇滚歌手服饰"
1083,"圣诞老人服"
1084,"巫医服饰"
1085,"教廷服饰"
1086,"鬼脸套装"
1087,"圣诞老人套装"
1088,"鸡蛋套装"
1089,"圣诞老人"
1090,"凌羽琪"
1091,"新年男"
1092,"新年男青年"
1093,"新年男中年"
1094,"新年男005"
1095,"10000：新手引导表"
1096,"20000：身份属性表"
1097,"当前人数不足"
1098,"30000：文本表"
1099,"对局进行中"
1100,"等待对局开始"
1101,"游戏开始倒计时..."
1102,"对局结束倒计时"
1103,"成为凶手的概率："
1104,"（参与对局将增加概率）"
1105,"你的身份"
1106,"你死了"
1107,"击杀所有人{0}/{1}"
1108,"击杀凶手{0}/{1}"
1109,"收集隐秘的能量球{0}/{1}"
1110,"时间到！"
1111,"凶手大杀特杀！"
1112,"凶手轻松解决了所有人！"
1113,"侦探逮捕了凶手！"
1114,"一位英雄出现并逆转了局面！"
1115,"凶手似乎遗漏了什么..."
1116,"合宿谜团"
1117,"开始"
1118,"观战"
1119,"观战倒计时"
1120,"他的身份是"
1121,"加载中..."
1122,"货币不足"
1123,"商店免费"
1124,"凶手专用"
1125,"侦探专用"
1126,"枪"
1127,"刀"
1128,"挂件"
1129,"购买"
1130,"使用"
1131,"脱下"
1132,"购买物品"
1133,"确定"
1134,"点击任意一处返回"
1135,"购买成功"
1136,"地图已选出"
1137,"随机地图中"
1138,"拖尾"
1139,"观看广告领取额外奖励"
1140,"观看广告领取补偿"
1141,"恭喜获得"
1142,"时间还没到，再等一下才能获得哦~"
1143,"今天已经得到很多奖励了，明天再来吧~"
1144,"存在"
1145,"存活经验+{0}EXP"
1146,"奖励"
1147,"本局身份"
1148,"收集金币"
1149,"消灭了{0}名学生！"
1150,"已存活{0}分{1}秒"
1151,"拯救了{0}位学生"
1152,"× 1.5 ( 胜利奖励)"
1153,"+ 900 ( 胜利奖励)"
1154,"观看广告，获得双倍金币！"
1155,"UI按钮上的文字"
1156,"观看"
1157,"抽奖"
1158,"武器箱"
1159,"观看广告，免费抽奖一次"
1160,"距离下次免费："
1161,"累计抽奖"
1162,"下次必得红色品质武器"
1163,"正在打开箱子..."
1164,"已拥有，自动回收为金币"
1165,"击败所有人，一个也不要放过！"
1166,"你是侦探，寻找凶手并击败他！"
1167,"你化身英雄，找到凶手击败他！"
1168,"活下去..."
1169,"本轮终结者！"
1170,"请先拿出武器！"
1171,"40000：提示表"
1172,"变成了英雄！可以拿出武器攻击了！"
1173,"收集能量球数量+1~"
1174,"本局获得能量球数量已满！"
1175,"获得了能量保护壳！可以抵挡一次攻击！"
1176,"能量保护壳被击碎了！小心！"
1177,"保护壳的能量被吸收了..."
1178,"金币袋已满！"
1179,"有人倒下了！"
1180,"侦探死亡了，找找他的武器吧！"
1181,"当前没有正在进行的对局！"
1182,"密码输入正确"
1183,"密码输入错误！"
1184,"免费抽取武器皮肤，点击前往！"
1185,"广告冷却中"
1186,"小刀"
1187,"50000：武器表"
1188,"左轮手枪"
1189,"消防斧"
1190,"尼泊尔军刀"
1191,"冲锋枪"
1192,"步枪"
1193,"暗杀匕首"
1194,"求生匕首"
1195,"菜刀"
1196,"镖(波)"
1197,"镖(桎)"
1198,"镖(碎)"
1199,"镖(漩)"
1200,"镖(气)"
1201,"镖(激荡)"
1202,"镖(封印)"
1203,"镖(轮回)"
1204,"狗鱼"
1205,"毛鼻鲶"
1206,"金鱼"
1207,"金枪鱼"
1208,"龙虾"
1209,"皇带鱼"
1210,"神奇海螺"
1211,"海王三叉戟"
1212,"飞镖武器箱"
1213,"武器箱子名称"
1214,"深海武器箱"
1215,"60000：AI数据表"
1216,"大厅"
1217,"邮轮之旅"
1218,"关卡地图名称"
1219,"樱花咖啡馆"
1220,"运输船"
1221,"烟雾"
1222,"拖尾道具"
1223,"紫电"
1224,"雷霆"
1225,"清风"
1226,"虹彩"
1227,"梦幻"
1228,"温柔学姐"
1229,"套装名称"
1230,"风纪委员"
1231,"不良少女"
1232,"韩式淑女"
1233,"可爱学妹"
1234,"奇幻少女"
1235,"温柔学长"
1236,"不良少年"
1237,"啦啦队长"
1238,"艺术生"
1239,"二次元少女"
1240,"英语老师"
1241,"正义少年"
1242,"潮流少女"
1243,"学生会长"
1244,"女老师"
1245,"班主任"
1246,"海边姐姐"
1247,"邻家妹妹"
1248,"健身教练"
1249,"优雅少女"
1250,"探险家"
1251,"民国学生"
1252,"可可少女"
1253,"猫猫店员"
1254,"女仆甜心"
1255,"猫耳女仆"
1256,"少女偶像"
1257,"圣诞少女"
1258,"女巫"
1259,"骑士"
1260,"恶魔"
1261,"魔鬼"
1262,"我是{1}~"
1263,"救命！"
1264,"谢谢你！"
1265,"别刀我QAQ"
1266,"QAQ希望也本地化一下，换成欧美比较熟悉的颜表情"
1267,"退！退！退！"
1268,"满分操作~"
1269,"我要开始表演了~"
1270,"1.凶手有近战穿刺、远程飞刀两种方式，可以自由切换\n2.在近战状态下，靠近其他玩家并面向他们，就可以自动挥刀击杀\n3.在远程状态下，附近有可攻击的目标时，会出现瞄准标志，点击标志即可扔出飞刀"
1271,"文本长度尽量和中文一致"
1272,"1.侦探可以开枪进行射击，有两种射击方法\n2.在持枪状态下，附近有可攻击目标时，会出现瞄准标志，点击标志即可发射子弹\n3.除此之外，持枪状态下点击任意位置都可以发射子弹哦~"
1273,"1.如果你是杀手/侦探，请尽量不要暴露自己的身份\n2.不要相信任何试图靠近你的人，他们很危险，时刻保持警惕\n3.假如你是平民，那么努力活下来吧"
1274,"凶手淘汰了你"
1275,"目标错误，你被淘汰了"
1276,"已被正义的警探消灭"
1277,"能力商店"
1278,"能力详情"
1279,"动词"
1280,"卸下"
1281,"金币购买"
1282,"钻石购买"
1283,"装备中"
1284,"指“已装备”"
1285,"已拥有"
1286,"货币不足，再攒攒吧~"
1287,"杀手步伐"
1288,"杀手的特殊能力名称"
1289,"快速投掷"
1290,"【杀手被动能力】\n当你掏出你的刀时，你的移动速度会比平时更快，提升10％"
1291,"【杀手被动能力】\n现在你扔出的飞刀会飞得更快，提升100％"
1292,"【杀手被动能力】\n当你的飞刀命中目标时，不会立即对目标造成伤害，而是在目标处埋下一颗炸弹，延迟一小段时间后会爆炸，并对周围一定范围内的玩家同样造成伤害"
1293,"彩虹马桶人"
1294,"马桶人是外网热梗，就叫skibidi toilet"
1295,"公主马桶人"
1296,"太空马桶人"
1297,"蜘蛛马桶人"
1298,"监控人"
1299,"马桶人系列，就叫这个"
1300,"音响人"
1301,"电视人"
1302,"卡通音响人"
1303,"卡通电视人"
1304,"本次更新：\n1.新增【马桶人VS监控人】系列挂件，欢迎大家去商店选购~\n2.新增【能力商店】，开放杀手局内特殊能力的配置\n3.优化了侦探、凶手的操作手感及相关界面\n4.调整大厅及关卡场景，提升性能\n5.新增还原按钮，镜头卡住的时候点一下试试吧"
1305,"有玩家进入场景失败，对局将重新开始"
1306,"跳转"
1307,"暂无获取途径"
1308,"科幻武器箱"
1309,"神话武器箱"
1310,"奇点之枪"
1311,"虚数之杖"
1312,"光谱矛"
1313,"反物质枪"
1314,"光谱剑"
1315,"光谱剑(晶红)"
1316,"匕首(模拟)"
1317,"军刀(模拟)"
1318,"左轮(模拟)"
1319,"冲锋枪(模拟)"
1320,"唤雷(符文)"
1321,"逐日(符文)"
1322,"雷神之锤"
1323,"火铳"
1324,"骨刺剑(圣)"
1325,"左轮(圣)"
1326,"骨刺剑(恋)"
1327,"左轮(恋)"
1328,"骨刺剑(炽)"
1329,"骨刺剑(霜)"
1330,"樱"
1331,"蝶"
1332,"黄金球棍(虹彩)"
1333,"黄金左轮(虹彩)"
1334,"幽灵斗篷"
1335,"【杀手主动能力】\n激活后，你可以隐身5秒，若你在隐身时击败了任何玩家，则会立即结束隐身"
1336,"兑换成功"
1337,"兑换失败"
1338,"恭喜激活会员特权"
1339,"恭喜激活超级特权"
1340,"会员特权已到期失效"
1341,"超级特权已到期失效"
1342,"持有数量已经达到上限"
1343,"会员特权激活中"
1344,"剩余激活时间{0}"
1345,"尚未激活会员特权"
1346,"尚未激活超级特权"
1347,"剩余激活时间{0}天"
1348,"会员特权"
1349,"超级特权"
1350,"恭喜获得广告券*1"
1351,"土豪来啦"
1352,"和上面一样"
1353,"金钥匙数量不足"
1354,"这个版本不支持开通大会员"
1355,"紫光剑"
1356,"冰寒弓箭"
1357,"烟花拖尾"
1358,"爆竹拖尾"
1359,"礼物拖尾"
1360,"糖果拖尾"
1361,"便便拖尾"
1362," 火焰翅膀"
1363,"火焰翅膀"
1364,"水系翅膀"
1365,"黑暗翅膀"
1366,"恶魔翅膀"
1367,"恶灵翅膀"
1368,"天使翅膀"
1369,"免费领券"
1370,"设置"
1371,"皮肤"
1372,"广告券兑换"
1373,"消耗"
1374,"凶手能力装配"
1375,"{0}失败，请重试"
1376,"换装成功"
1377,"看广告免费试穿"
1378,"免费试穿"
1379,"恭喜获得{0}金币"
1380,"看广告免费领取{0}金币"
1381,"恭喜获得{0}张广告券"
1382,"免费领取{0}张广告券"
1383,"免费领取双倍金币\n再送一张广告券"
1384,"免费抽奖"
1385,"高度"
1386,"开始结算"
1387,"玩家{0}死亡了"
1388,"有玩家没有成功进入场景，游戏重新开始"
1389,"不要轻易暴露自己的身份\n远离那些试图靠近你的人\n不要相信任何人\n每个人都可能很危险!"
1390,"掏出手枪后，点击屏幕射击\n找到隐藏的凶手，击败他!\n不要攻击平民"
1391,"掏出近战武器后，会自动攻击周围玩家\n掏出远程飞刀后，点击准星来扔出\n击败所有人，小心侦探!"
1392,"不能重复领取"
1393,"在线时间不足{0}分钟"
1394,"奖励金币"
1395,"明日奖励"
1396,"在线{0}分钟免费领取({1}/{2})"
1397,"领取成功、打开商店使用"
1398,"今日已售空,请更换其他商品购买"
1399,"充值广告券"
1400,"不限购"
1401,"今日已售空"
1402,"广告券"
1403,"别点太快"
1404,"超级装扮"
1405,"请输入好友角色ID"
1406,"免费保存形象"
1407,"免费试穿好友的角色形象"
1408,"复制成功"
1409,"ID无效！"
1410,"加载中"
1411,"试穿成功"
1412,"复制角色ID分享好友试穿"
1413,"试穿中，请耐心等待。"
1414,"换装"
1415,"收藏"
1416,"测试"
1417,"肤色"
1418,"脸型"
1419,"眼睛"
1420,"眉毛"
1421,"妆容"
1422,"头发"
1423,"上衣"
1424,"下衣"
1425,"鞋子"
1426,"手套"
1427,"宠物"
1428,"饰品"
1429,"瞳孔贴花"
1430,"上高光"
1431,"下高光"
1432,"睫毛"
1433,"腮红"
1434,"口红"
1435,"面部彩绘"
1436,"整体发型"
1437,"后发"
1438,"左手"
1439,"右手"
1440,"背饰"
1441,"头饰"
1442,"面饰"
1443,"臀部"
1444,"肩部"
1445,"特效"
1446,"耳饰"
1447,"此功能未开启"
1448,"{0}倍"
1449,"调色板"
1450,"部位 {0}"
1451,"这个{0}不支持调色"
1452,"左瞳孔颜色"
1453,"右瞳孔颜色"
1454,"单色"
1455,"发顶色"
1456,"发尾色"
1457,"免费保存"
1458,"重置平台形象失败"
1459,"保存{0}颜色"
1460,"是否保存当前角色形象"
1461,"关闭提示"
1462,"保存成功"
1463,"重置成功"
1464,"切换成功"
1465,"是否保留当前颜色"
1466,"保留"
1467,"不保留"
1468,"日常造型1"
1469,"布偶造型"
1470,"英雄造型"
1471,"幻想造型"
1472,"节日造型"
1473,"科幻造型"
1474,"古代造型"
1475,"长单件"
1476,"短外套"
1477,"短单件"
1478,"长外套"
1479,"短裙"
1480,"长裤"
1481,"短裤"
1482,"长裙"
1483,"裤袜"
1484,"手套饰品"
1485,"日常鞋"
1486,"靴子"
1487,"足套"
1488,"裸饰"
1489,"高跟鞋"
1490,"运动鞋"
1491,"日常造型2"
1492,"未上榜"
1493,"等级"
1494,"等级全服前{0}名"
1495,"t know what to do","这里是你本局的目标，不知道做什么的话就看一下这里吧",null],[10003,"Guide_GuideContent_10003","Survive to win~","努力活下来才能够获得胜利~",null],[10004,"Guide_GuideContent_10004","Here is the energy ball:","这是能量球：",null],[10005,"Guide_GuideContent_10005","Collect them all to get a protective shield","集齐能量球，可以获得一层保护壳",null],[10006,"Guide_GuideContent_10006","This is your goal in this round, achieve it before the game ends to win","这里是你本局的目标，在对局结束前完成目标才能获得胜利",null],[10007,"Guide_GuideContent_10007","This is your goal in this round, achieve it before the game ends to win","这里是你本局的目标，在对局结束前完成目标才能获得胜利",null],[10008,"Guide_GuideContent_10008","You have a new goal, to defeat the Murderer and protect the Students","你有了新的目标，击杀凶手，保护学生",null],[10009,"Guide_GuideContent_10009","This is what you are playing in this round","这里是本局中你的身份",null],[10010,"Guide_GuideContent_10010","This is what you are playing in this round","这里是本局中你的身份",null],[10011,"Guide_GuideContent_10011","Congratulation! You just picked up the weapon and you"
1496,"s not ready yet, please wait a little longer to get it~","时间还没到，再等一下才能获得哦~",null],[30058,"Tips_Content_20004","You"
1497,"t trust anyone who tries to get close to you, they are dangerous, always stay alert.\n3. If you are a student, try to survive!","1.如果你是杀手/侦探，请尽量不要暴露自己的身份\n2.不要相信任何试图靠近你的人，他们很危险，时刻保持警惕\n3.假如你是平民，那么努力活下来吧","文本长度尽量和中文一致"],[90016,"Text_Content_20039","Murderer Tutorial","凶手教学",null],[90017,"Text_Content_20040","Detective Tutorial","侦探教学",null],[90018,"Text_Content_20041","Tips","温馨提示",null],[90019,"Tips_Content_20009","The murderer defeated you.","凶手淘汰了你",null],[90020,"Tips_Content_20010","Wrong target, you"
1498,"s Passive Ability] When you pull out your knife, your movement speed is increased by 10% faster than usual.","【杀手被动能力】\n当你掏出你的刀时，你的移动速度会比平时更快，提升10％",null],[90036,"SkillShop_Description_10002","[Murderer"
1499,"t trust anyone.\nEveryone can be dangerous!","不要轻易暴露自己的身份\n远离那些试图靠近你的人\n不要相信任何人\n每个人都可能很危险!",null],[100033,"Text_World2","Pull out your pistol and tap the screen to fire\nFind the hidden killer and defeat him!\nDon"
1500,"s Reward","明日奖励",null],[100041,"Text_Task6","Free Online {0} Minutes ({1}/{2})","在线{0}分钟免费领取({1}/{2})",null],[100042,"Text_Task7","Receive successfully, open the shop to use","领取成功、打开商店使用",null],[100043,"Text_SoldouttodayPleaseReplaceWithOtherProductsToPurchase","Sold Out Today, Please Replace With Other Products To Purchase","今日已售空,请更换其他商品购买",null],[100044,"Text_Rechargediamonds","Recharge","充值广告券",null],[100045,"Text_Nopurchaserestrictions","No purchase Restrictions","不限购",null],[100046,"Text_Soldouttoday","Sold Out Today","今日已售空",null],[100047,"Text_Limitedtoonepurchaseperday","Limited To One Purchase Per Day","每天限购一次",null],[100048,"Text_AdvertisingCoupon","Coupon","广告券",null],[100049,"Text_TipsTooFast","Don"
1501,"单手刀"
1502,"星月魔杖"
1503,"散弹喷枪"
1504,"弓箭"
1505,"法杖"
1506,"粉色"
1507,"黄色"
1508,"左边"
1509,"右边"
1510,"快去按下{1}按钮！"
1511,"先按{1}按钮"
1512,"再按{1}按钮"
1513,"松开{1}按钮"
1514,"你走{2}，我走另一边"
1515,"你站在那里不要动"
1516,"我们一起冲过去！"
1517,"不好意思我失误了"
1518,"没关系，再试一次吧"
1519,"欢迎来到教学关卡！在双人糖果跑酷中，一定要与你的搭档好好合作才可以顺利过关哦"
1520,"按下按钮，可以开关对应颜色的机关门"
1521,"互帮互助才可以一起过关，不要忘了刚才帮助过你的搭档哟"
1522,"这扇门需要同时按压两个按钮才可开启，与你的搭档一起冲过去吧！"
1523,"方形的按钮只有用“同伴方块”才可按压，快将它推至对应位置打开大门吧！"
1524,"与你的搭档合作，将友情方块顺利推至按钮处吧！"
1525,"建议先通关“信任即钥匙”关卡后再挑战本关卡"
1526,"建议先通关“往返跳跃”关卡后再挑战本关卡"
1527,"墙上的开关只能触发一瞬间，与你的默契搭档一同跳起打开大门吧！"
1528,"建议先通关“箱子难题”关卡后再挑战本关卡"
1529,"这里是最难的关卡之一，建议先通关简单与普通难度的关卡再来挑战哦"
1530,"教程"
1531,"齐心协力"
1532,"信任即钥匙"
1533,"箱子难题"
1534,"往返跳跃"
1535,"蹦蹦跳跳"
1536,"好朋友挑战"
1537,"层层登攀"
1538,"心跳冲刺"
1539,"人箱合一"
1540,"音量：开"
1541,"音量：关"
1542,"返回大厅"
1543,"排行榜"
1544,"名称"
1545,"积分"
1546,"打招呼"
1547,"前指"
1548,"摇头"
1549,"庆祝"
1550,"鼓励"
1551,"快邀请你想要搭档的玩家一同闯关吧！"
1552,"这些玩家正在请求你的协助！"
1553,"邀请"
1554,"已邀请"
1555,"协助"
1556,"闯关邀请"
1557,"请求帮助"
1558,"{0}请求支援"
1559,"是否要返回大厅"
1560,"前往前方挑战简单关卡"
1561,"前往前方挑战普通关卡"
1562,"前往前方挑战困难关卡"
1563,"拖动左下的摇杆来控制角色移动"
1564,"拖动右侧屏幕控制视角转动"
1565,"点击                  按钮进行跳跃"
1566,"积分达到{0}分即可解锁"
1567,"积分不足暂无法进入，请先游玩其它关卡获取积分"
1568,"当前位置已保存"
1569,"{0}关卡已完成，获得{1}积分"
1570,"确认"
1571,"简单关卡"
1572,"普通关卡"
1573,"困难关卡"
1574,"正在请求协助，快去帮帮他吧！"
1575,"使用一张好友卡与{0}建立好友关系。你想与对方建立什么关系呢？"
1576,"兄弟"
1577,"闺蜜"
1578,"{0}{1}，你接受吗？"
1579,"*{0}*与*{1}*成为了*{2}*，祝贺他们！"
1580,"邀请好友"
1581,"你的{0}{1}邀请你一同挑战{2}关卡"
1582,"接受"
1583,"{0}接受了你的邀请"
1584,"祝贺*{0}*与*{1}*合作完成了*{2}*关卡！"
1585,"{0}玩家与他人成立了好友关系，与你的好友关系已自动解除"
1586,"{0}玩家已退出房间，与你的好友关系已自动解除"
1587,"{0}拒绝了你的邀请"
1588,"你们已经是好友啦！"
1589,"没有{0}道具了，先去大厅获取吧！"
1590,"成功使用{0}道具！"
1591,"{0}道具已经使用过了"
1592,"此道具不可在背包使用"
1593,"将箱子推至这里跳上去吧！"
1594,"使用好友卡与其他玩家成为闺蜜/兄弟吧！"
1595,"使用此道具在关卡结束时获得双倍积分！"
1596,"使用飞行皮靴获得飞行能力飞过障碍！"
1597,"召唤魔法伙伴帮助你控制机关吧！"
1598,"使用延时沙漏将时间机关延长15秒！"
1599,"先前往左边的简单关卡挑战第一关“教程”吧！"
1600,"请从关卡起点进入后再使用该道具"
1601,"本按钮已被占用，暂无法使用魔法伙伴"
1602,"此按钮暂被其他玩家控制，最好不要乱动噢"
1603,"获得一个“{0}”道具"
1604,"好友卡"
1605,"双倍积分"
1606,"飞行皮靴"
1607,"魔法伙伴"
1608,"延时沙漏"
1609,"眼间距"
1610,"眼睛角度"
1611,"眼睛长度"
1612,"眼睛宽度"
1613,"眼角左右移动"
1614,"眼角上下移动"
1615,"眉间距"
1616,"眉毛角度"
1617,"鼻梁高度"
1618,"鼻子长度"
1619,"鼻子上下移动"
1620,"嘴巴宽度"
1621,"嘴巴弧度"
1622,"返回"
1623,"进阶"
1624,"保存装扮"
1625,"预设"
1626,"脸部"
1627,"身体"
1628,"服装"
1629,"套装预设"
1630,"脸部预设"
1631,"身材预设"
1632,"鼻子"
1633,"嘴巴"
1634,"身材"
1635,"下装"
1636,"额外"
1637,"背包"
1638,"关闭"
1639,"ll go the other way"], [13, "Chat_chat_6", "你站在那里不要动", "You stand there, don"
1640,"s rush through together!"], [15, "Chat_chat_8", "不好意思我失误了", "Sorry for my mistake"], [16, "Chat_chat_9", "没关系，再试一次吧", "It"
1641,"未来武器箱"
1642,"红色昵称"
1643,"结算额外奖励"
1644,"金币袋额外上限"
1645,"随身份概率翻倍"
1646,"专属拖尾"
1647,"凶手武器"
1648,"侦探武器"
1649,"一箱金币"
1650,"回声战士"
1651,"福瑞"
1652,"海绵宝宝装"
1653,"猫人装"
1654,"长腿妈妈"
1655,"猫猫头套服饰"
1656,"猫咪玩偶服"
1657,"大头玩偶服"
1658,"交个朋友鸭"
1659,"卡通玩偶服饰"
1660,"玩偶熊服饰"
1661,"小蓝人服饰"
1662,"方块玩偶服"
1663,"兔子玩偶服"
1664,"玩具鸡服饰"
1665,"刺猬玩偶服"
1666,"玩具兔服饰"
1667,"狗头毛毛虫玩偶服"
1668,"橘龙"
1669,"跳舞熊"
1670,"蓝龙"
1671,"绿龙"
1672,"黑龙"
1673,"成都五彩熊"
1674,"小黑子"
1675,"鸡人装"
1676,"兔人装"
1677,"熊人装"
1678,"索尼克"
1679,"狗头毛毛虫"
1680,"温柔女孩"
1681,"阳光男"
1682,"叛逆女孩"
1683,"叛逆男孩"
1684,"白人举重运动员"
1685,"女仆套装女"
1686,"华丽海盗服"
1687,"道具收集目标"
1688,"道具生成数量"
1689,"道具刷新间隔"
1690,"地图1湖边别墅"
1691,"道具刷新点1"
1692,"道具刷新点2"
1693,"道具刷新点3"
1694,"道具刷新点4"
1695,"道具刷新点5"
1696,"道具刷新点6"
1697,"道具刷新点7"
1698,"道具刷新点8"
1699,"道具刷新点9"
1700,"道具刷新点10"
1701,"道具刷新点11"
1702,"道具刷新点12"
1703,"道具刷新点13"
1704,"道具刷新点14"
1705,"道具刷新点15"
1706,"道具刷新点16"
1707,"道具刷新点17"
1708,"道具刷新点18"
1709,"道具刷新点19"
1710,"道具刷新点20"
1711,"道具刷新点21"
1712,"道具刷新点22"
1713,"道具刷新点23"
1714,"道具刷新点24"
1715,"道具刷新点25"
1716,"地图2XXXX"
1717,"地图3XXXX"
1718,"美瞳"
1719,"春季绿"
1720,"宝石蓝"
1721,"虚空紫"
1722,"金橙"
1723,"落日黄"
1724,"芭比粉"
1725,"活力红"
1726,"本次更新：
1.新增【马桶人VS监控人】系列挂件，欢迎大家去商店选购~
2.新增【能力商店】，开放杀手局内特殊能力的配置
3.优化了侦探、凶手的操作手感及相关界面
4.调整大厅及关卡场景，提升性能
5.新增还原按钮，镜头卡住的时候点一下试试吧"
1727,"去购买"
1728,"毛衣水手棕发"
1729,"连体制服银发"
1730,"不良水手粉发"
1731,"韩式水手马尾"
1732,"可爱双马尾女"
1733,"兔耳杀马特女"
1734,"棕毛针织衫男"
1735,"红毛不良男"
1736,"蓝马尾科技少女"
1737,"粉“兔耳”科技少女"
1738,"精英风男"
1739,"可爱鲨鱼男"
1740,"文静大小姐"
1741,"兔耳美少女"
1742,"男老师"
1743,"宅男"
1744,"潮流女孩"
1745,"大厅等待时长"
1746,"对局时长"
1747,"分配身份时长"
1748,"分配身份变换间隔"
1749,"控制文本变化速度"
1750,"确认身份时长"
1751,"初始权重"
1752,"增加权重"
1753,"初始概率"
1754,"增加概率"
1755,"死亡效果时长"
1756,"胜利宣告文本缩放时长"
1757,"胜利宣告烟花缩放时长"
1758,"胜利宣告总时长"
1759,"金币袋初始上限"
1760,"可以通过其他途径提升"
1761,"生命值"
1762,"角色基础数值"
1763,"移动速度"
1764,"跳跃高度"
1765,"最大跳跃次数"
1766,"局内准备时长"
1767,"金币刷新间隔"
1768,"近战武器延迟检测时长"
1769,"攻击动作和攻击特效间隔时长"
1770,"死亡动作播放时长"
1771,"凶手移动速度"
1772,"参与对局奖励"
1773,"参与对局可获得的奖励"
1774,"存活人数默认颜色（白）"
1775,"存活人数激活颜色（红）"
1776,"学生每秒获得经验值"
1777,"准备倒计时中央停留时长"
1778,"<准备时长"
1779,"结算-动画结束后的界面显示时长"
1780,"掏枪图片GUID"
1781,"暂时ID，后期需修改为正式图标"
1782,"收枪图片GUID"
1783,"掏刀图片GUID"
1784,"收刀图片GUID"
1785,"投掷飞刀架势图片GUID"
1786,"投掷飞刀复原图片GUID"
1787,"场景内AI穿透名字屏蔽"
1788,"死亡动作恢复时间延迟"
1789,"Loading时间"
1790,"尸体死亡姿态"
1791,"金币图标GUID"
1792,"钻石图标GUID"
1793,"广告券图标GUID"
1794,"超级特权钥匙图标GUID"
1795,"子弹速度"
1796,"飞刀速度"
1797,"射击速度"
1798,"近战扇形角度"
1799,"近战扇形半径"
1800,"近战扇形最高高度"
1801,"近战扇形最低高度"
1802,"死亡激励-金币数量"
1803,"死亡激励-界面显示时间"
1804,"经过多久激励显示界面会自动关闭"
1805,"结算激励-额外奖励倍数m"
1806,"大厅激励-基础金币数量A"
1807,"大厅激励-额外金币系数n"
1808,"大厅激励-倒计时时长T"
1809,"大厅激励-广告上限L"
1810,"结算插屏-插屏间隔"
1811,"会员特权昵称变色"
1812,"会员界面开放场数要求"
1813,"自动瞄准索敌半径"
1814,"初始瞄准ui大小"
1815,"瞄准ui缩放下限"
1816,"攻击检测半径"
1817,"等级UI缩小最大距离"
1818,"等级UI最小缩小"
1819,"警察开枪CD"
1820,"警察开枪动作/音效持续时间"
1821,"飞刀CD"
1822,"飞刀旋转速度"
1823,"近战挥刀间隔"
1824,"黑幕时间"
1825,"展示时间"
1826,"终结者特效GUID"
1827,"终结者特效缩放"
1828,"终结者特效偏移"
1829,"终结者特效旋转"
1830,"GUID | 速度"
1831,"黑幕透明度不变时间比例"
1832,"击杀额外范围音效"
1833,"近战消灭特效"
1834,"远程消灭特效(枪和飞刀)"
1835,"灵魂特效"
1836,"击杀震屏xy轴幅度"
1837,"击杀震屏xy轴频率"
1838,"击杀震屏内置CD"
1839,"死亡震屏roll轴幅度"
1840,"死亡震屏roll轴频率"
1841,"消灭UI持续时间"
1842,"消灭UI上升距离"
1843,"消灭UI偏移x"
1844,"消灭UI偏移y"
1845,"终结击杀彩带特效"
1846,"警察打错自身特效"
1847,"挥刀随即动作数组"
1848,"弹孔特效"
1849,"击杀震屏时间"
1850,"死亡震屏时间"
1851,"挥刀动作时间"
1852,"弹道特效xy轴缩放"
1853,"弹道特效持续时间"
1854,"描边颜色"
1855,"描边粗细"
1856,"护盾特效"
1857,"局内出生点组-关卡1"
1858,"大厅出生点组"
1859,"掉落武器触发器"
1860,"掉落武器模型"
1861,"道具触发器"
1862,"金币触发器+金币模型"
1863,"局内出生点组-关卡2"
1864,"玩家头顶名称"
1865,"世界UI脚本"
1866,"AI父节点"
1867,"局内出生点组-关卡3"
1868,"短发女"
1869,"机械女"
1870,"赛博套装"
1871,"机甲套装"
1872,"机器人"
1873,"赛博服饰"
1874,"刺猬小子"
1875,"魔法男孩"
1876,"长袜制服鞋"
1877,"细跟尖头鞋"
1878,"猫猫鞋套"
1879,"皮鞋"
1880,"小熊鞋"
1881,"物品种类"
1882,"近战数量"
1883,"斧子"
1884,"菜刀（带光）"
1885,"镖(波动)"
1886,"镖(聚气)"
1887,"远程数量"
1888,"拖尾数量"
1889,"烟雾\n参考翻译：Somke"
1890,"紫电\n参考翻译：Purple Lighting"
1891,"雷霆\n参考翻译：Lighting"
1892,"清风\n参考翻译：Wind"
1893,"虹彩\n参考翻译：Rainbow"
1894,"梦幻\n参考翻译：Illusion"
1895,"套装数量"
1896,"挂件数量"
1897,"玩家脚步"
1898,"拾取金币"
1899,"落地音效"
1900,"随机身份-凶手确认音效"
1901,"随机身份-侦探确认音效"
1902,"随机身份-学生确认音效"
1903,"死亡音效（被刀）"
1904,"胜利展示BGM"
1905,"进入大厅前音乐"
1906,"大厅音乐"
1907,"地图1音乐"
1908,"地图2音乐"
1909,"地图3音乐"
1910,"开枪时的音效"
1911,"换弹时的音效"
1912,"投掷飞刀的音效"
1913,"子弹成功命中音效"
1914,"投掷飞刀的命中音效"
1915,"消灭额外音效"
1916,"爆炸飞刀爆炸音效"
1917,"成功购买/激活"
1918,"购买/激活失败"
1919,"体型_收藏"
1920,"肤色_收藏"
1921,"脸型_收藏"
1922,"眼睛_收藏"
1923,"眉毛_收藏"
1924,"妆容_收藏"
1925,"表情_收藏"
1926,"套装_收藏"
1927,"头发_收藏"
1928,"上衣_收藏"
1929,"下衣_收藏"
1930,"鞋子_收藏"
1931,"手套_收藏"
1932,"宠物_收藏"
1933,"饰品_收藏"
1934,"瞳孔贴画"
1935,"瞳孔样式_收藏"
1936,"瞳孔贴花_收藏"
1937,"上高光_收藏"
1938,"下高光_收藏"
1939,"睫毛_收藏"
1940,"眼影_收藏"
1941,"腮红_收藏"
1942,"口红_收藏"
1943,"面部彩绘_收藏"
1944,"整体发型_收藏"
1945,"前发_收藏"
1946,"后发_收藏"
1947,"左手_收藏"
1948,"右手_收藏"
1949,"背饰_收藏"
1950,"耳饰_收藏"
1951,"面饰_收藏"
1952,"臀部_收藏"
1953,"肩部_收藏"
1954,"特效_收藏"
1955,"拖尾_收藏"
1956,"大厅倒计时"
1957,"随机地图"
1958,"公告"
1959,"本次更新：\n1.新增【马桶人VS监控人】系列挂件，欢迎大家去商店选购~\n2.新增【能力商店】，开放杀手局内特殊能力的配置\n3.优化了侦探、凶手的操作手感及相关界面\n4.调整大厅及关卡场景，提升性能"
1960,"公告按钮"
1961,"局内倒计时"
1962,"随机分配身份"
1963,"身份目标栏"
1964,"死亡效果"
1965,"胜利宣告"
1966,"失败宣告"
1967,"局内玩家信息栏"
1968,"学生存活经验"
1969,"凶手局内目标"
1970,"侦探局内目标"
1971,"英雄局内目标"
1972,"你化身学生英雄，找到凶手击败他！"
1973,"学生局内目标"
1974,"死亡提示"
1975," 对局时间耗尽； 凶手失败，侦探失败； 部分学生胜利，无英雄 "
1976," 对局时间耗尽； 凶手失败，侦探失败； 部分学生胜利，英雄失败 "
1977,"结算-凶手"
1978,"消灭了{0}名学生"
1979,"结算-学生"
1980,"结算-侦探"
1981,"结算-英雄"
1982,"结算-凶手/学生胜利经验值"
1983,"结算-侦探/英雄胜利经验值"
1984,"结算-看广告"
1985,"结算-看广告按钮"
1986,"局内界面"
1987,"啊？？？啊？？？啊？？？又不写是吧"
1988,"能力系统"
1989,"开始界面"
1990,"大厅界面"
1991,"观战界面"
1992,"加载界面"
1993,"商店"
1994,"商店界面"
1995,"地图选择界面"
1996,"结算界面"
1997,"死亡提示界面"
1998,"奖励界面"
1999,"胜利展示界面"
2000,"商店-获取方式"
2001,"大厅3DUI-杀手教学"
2002,"大厅3DUI-侦探教学"
2003,"大厅3DUI-小提示"
2004,"1.如果你是杀手/侦探，请尽量不要暴露自己的身份\n2.远离那些试图靠近你的人，他们很危险，时刻保持警惕\n3.假如你是平民，那么努力活下来吧\n4.不要相信任何人"
2005,"快捷短语二级-1"
2006,"大厅3DUI"
2007,"商店会员相关"
2008,"大会员商店提示"
2009,"拾取武器"
2010,"学生道具"
2011,"局内金币"
2012,"局内其他人死亡"
2013,"局内侦探死亡"
2014,"场景加载提示"
2015,"大厅观战"
2016,"大厅广告"
2017,"密码表飘字"
2018,"抽奖主动提示"
2019,"抽奖广告冷却"
2020,"大会员"
2021,"弓道服"
2022,"毛衣外套"
2023,"拖尾婚纱"
2024,"蝴蝶结桃心裙"
2025,"恐龙玩偶服"
2026,"礼服"
2027,"战损休闲装"
2028,"披风长袖"
2029,"紧身衣"
2030,"长袍上衣"
2031,"学士服"
2032,"投掷飞刀"
